"1, , Phường Cổ Nhuế 2, Quận Bắc Từ Liêm, Thành phố Hà Nội, 04, Việt Nam",21.071,105.773
"1, Ngách 264/21 Âu Cơ, Nhật Tân, Phường Nhật Tân, Quận Tây Hồ, Thành phố Hà Nội, 124415, Việt Nam",21.074,105.827
"1, ngách 53/49, Đức Giang, Quận Long Biên, Thành phố Hà Nội, 0947733060, Việt Nam",21.065,105.891
"10, 422/14/20, Quận Long Biên, Thành phố Hà Nội, 0947733060, Việt Nam",21.069,105.905
"101, Đường Nguyễn Hoàng Tôn, Phường Xuân La, Phường Xuân Tảo, Quận Tây Hồ, Thành phố Hà Nội, 124224, Việt Nam",21.071,105.807
"103, Ngõ 466 Ngô Gia Tự, Quận Long Biên, Thành phố Hà Nội, 0947733060, Việt Nam",21.069,105.907
"11, Ngõ 103 Lý Sơn, Phường Thượng Thanh, Phường Ngọc Thụy, Quận Long Biên, Thành phố Hà Nội, 115005, Việt Nam",21.066,105.88
"111, Đường Âu Cơ, Nhật Tân, Phường Quảng An, Quận Tây Hồ, Thành phố Hà Nội, 124415, Việt Nam",21.069,105.826
"113, Phố Nhật Chiêu, Nhật Tân, Phường Nhật Tân, Quận Tây Hồ, Thành phố Hà Nội, 11200, Việt Nam",21.072,105.815
"117, Đường Xuân Đỉnh, Phường Xuân Đỉnh, Phường Xuân Tảo, Quận Bắc Từ Liêm, Thành phố Hà Nội, 143315, Việt Nam",21.071,105.8
"118, Phố Thanh Am, Phường Thượng Thanh, Quận Long Biên, Thành phố Hà Nội, 0947733060, Việt Nam",21.073,105.901
"135, Ngõ 238 Âu Cơ, Quảng An, Phường Quảng An, Quận Tây Hồ, Thành phố Hà Nội, 124415, Việt Nam",21.07,105.83
"142, Đường Nguyễn Hoàng Tôn, Phường Xuân La, Phường Xuân Tảo, Quận Tây Hồ, Thành phố Hà Nội, 124224, Việt Nam",21.072,105.804
"152, Ngõ 151 Đường Xuân Đỉnh, Phường Xuân Đỉnh, Quận Bắc Từ Liêm, Thành phố Hà Nội, 143315, Việt Nam",21.072,105.798
"156, Ngõ 172 Âu Cơ, Từ Liên, Phường Tứ Liên, Quận Tây Hồ, Thành phố Hà Nội, 124415, Việt Nam",21.068,105.834
"16, Ngõ 264 Âu Cơ, Phường Nhật Tân, Quận Tây Hồ, Thành phố Hà Nội, 124415, Việt Nam",21.073,105.827
"17, Đường Lê Văn Hiến, Phường Đức Thắng, Quận Bắc Từ Liêm, Thành phố Hà Nội, 04, Việt Nam",21.074,105.776
"177, Ngõ 205, Phường Xuân Đỉnh, Quận Bắc Từ Liêm, Thành phố Hà Nội, 143315, Việt Nam",21.067,105.791
"18, Sông Nhuệ, Phường Đức Thắng, Quận Bắc Từ Liêm, Thành phố Hà Nội, 04, Việt Nam",21.074,105.772
"18T3, CT15, Phố Mai Chí Thọ, Giang Biên, Phường Giang Biên, Quận Long Biên, Thành phố Hà Nội, 0947733060, Việt Nam",21.065,105.912
"19, Ngõ 647 Lạc Long Quân, Phường Xuân La, Quận Tây Hồ, Thành phố Hà Nội, 124224, Việt Nam",21.068,105.81
"19, Phố Nhật Chiêu, Nhật Tân, Phường Nhật Tân, Quận Tây Hồ, Thành phố Hà Nội, 11200, Việt Nam",21.07,105.813
"2, Đường Tô Ngọc Vân, Quảng An, Phường Quảng An, Quận Tây Hồ, Thành phố Hà Nội, 124415, Việt Nam",21.068,105.826
"215 Âu Cơ, Đường Âu Cơ, Quảng An, Phường Quảng An, Quận Tây Hồ, Thành phố Hà Nội, 124415, Việt Nam",21.066,105.828
"23, Ngõ 32 Phố Viên, Phường Đức Thắng, Quận Bắc Từ Liêm, Thành phố Hà Nội, 04, Việt Nam",21.074,105.773
"23B, Hẻm 422/14/12A, Quận Long Biên, Thành phố Hà Nội, 0947733060, Việt Nam",21.069,105.904
"25, Ngõ 238 Âu Cơ, Quảng An, Phường Quảng An, Quận Tây Hồ, Thành phố Hà Nội, 124415, Việt Nam",21.069,105.828
"25, Đường Nguyễn Hoàng Tôn, Phường Xuân La, Quận Tây Hồ, Thành phố Hà Nội, 124224, Việt Nam",21.07,105.81
"26, Phố Quảng Bá, Quảng An, Phường Quảng An, Quận Tây Hồ, Thành phố Hà Nội, 11200, Việt Nam",21.066,105.823
"273, Đường Nguyễn Hoàng Tôn, Phường Xuân La, Phường Xuân Tảo, Quận Bắc Từ Liêm, Thành phố Hà Nội, 124224, Việt Nam",21.073,105.802
"274, Đường Âu Cơ, Nhật Tân, Phường Nhật Tân, Quận Tây Hồ, Thành phố Hà Nội, 124415, Việt Nam",21.074,105.825
"29, Ngõ 200 Âu Cơ, Từ Liên, Phường Tứ Liên, Quận Tây Hồ, Thành phố Hà Nội, 124415, Việt Nam",21.066,105.831
"295, Đường Âu Cơ, Nhật Tân, Phường Nhật Tân, Quận Tây Hồ, Thành phố Hà Nội, 124415, Việt Nam",21.072,105.825
"3, , Phường Cổ Nhuế 2, Quận Bắc Từ Liêm, Thành phố Hà Nội, 04, Việt Nam",21.071,105.774
"3, Phố Nhật Chiêu, Nhật Tân, Phường Nhật Tân, Quận Tây Hồ, Thành phố Hà Nội, 11200, Việt Nam",21.069,105.813
"3, Đường Cổ Nhuế, Phường Cổ Nhuế 2, Quận Bắc Từ Liêm, Thành phố Hà Nội, 04, Việt Nam",21.07,105.778
"31, Ngõ 466 Ngô Gia Tự, Quận Long Biên, Thành phố Hà Nội, 0947733060, Việt Nam",21.071,105.905
"321, Đường Âu Cơ, Nhật Tân, Phường Nhật Tân, Quận Tây Hồ, Thành phố Hà Nội, 124415, Việt Nam",21.073,105.825
"33, Ngõ 323 Xuân Đỉnh, Phường Xuân Đỉnh, Phường Xuân Tảo, Quận Bắc Từ Liêm, Thành phố Hà Nội, 143315, Việt Nam",21.069,105.792
"331, Đường Phạm Văn Đồng, Phường Xuân Đỉnh, Phường Xuân Tảo, Quận Bắc Từ Liêm, Thành phố Hà Nội, 04, Việt Nam",21.071,105.786
"35, Ngõ 151 Phố Lê Văn Hiến, Phường Đức Thắng, Quận Bắc Từ Liêm, Thành phố Hà Nội, 04, Việt Nam",21.073,105.773
"35, Phố Nhật Chiêu, Nhật Tân, Phường Nhật Tân, Quận Tây Hồ, Thành phố Hà Nội, 11200, Việt Nam",21.07,105.814
"35, Phố Đường Hoa, Từ Liên, Phường Tứ Liên, Quận Tây Hồ, Thành phố Hà Nội, 124415, Việt Nam",21.068,105.83
"38, Đường De Qual, Từ Liên, Phường Tứ Liên, Quận Tây Hồ, Thành phố Hà Nội, 124415, Việt Nam",21.066,105.836
"380, Đường Xuân Đỉnh, Phường Xuân Đỉnh, Quận Bắc Từ Liêm, Thành phố Hà Nội, 143315, Việt Nam",21.072,105.79
"39, Phố Lộc, Phường Xuân Đỉnh, Quận Bắc Từ Liêm, Thành phố Hà Nội, 04, Việt Nam",21.067,105.789
"413, Đường Lạc Long Quân, Tây Hồ, Phường Nhật Tân, Quận Tây Hồ, Thành phố Hà Nội, 124224, Việt Nam",21.07,105.812
"42B, Đường Đức Thắng, Phường Đức Thắng, Quận Bắc Từ Liêm, Thành phố Hà Nội, 04, Việt Nam",21.073,105.777
"457, Đường Cổ Nhuế, Phường Cổ Nhuế 2, Quận Bắc Từ Liêm, Thành phố Hà Nội, 04, Việt Nam",21.068,105.779
"463 Xóm 19A, Ngõ 499 Đường Cổ Nhuế, Phường Cổ Nhuế 2, Quận Bắc Từ Liêm, Thành phố Hà Nội, 04, Việt Nam",21.068,105.778
"48, Ngách 124/45 Âu Cơ, Từ Liên, Phường Tứ Liên, Quận Tây Hồ, Thành phố Hà Nội, 124415, Việt Nam",21.065,105.832
"4T1, CT15, Phố Bùi Thiện Ngộ, Giang Biên, Phường Giang Biên, Quận Long Biên, Thành phố Hà Nội, 0947733060, Việt Nam",21.065,105.911
"5, Ngõ 264 Âu Cơ, Phường Nhật Tân, Quận Tây Hồ, Thành phố Hà Nội, 124415, Việt Nam",21.073,105.826
"505-507 Ngô Gia Tự, Đường Ngô Gia Tự, Đức Giang, Quận Long Biên, Thành phố Hà Nội, 0947733060, Việt Nam",21.065,105.897
"52, Ngõ 987 Ngô Gia Tự, Phường Thượng Thanh, Quận Long Biên, Thành phố Hà Nội, 0947733060, Việt Nam",21.074,105.903
"536, Đường Ngọc Thụy, Ngọc Thụy, Phường Ngọc Thụy, Quận Long Biên, Thành phố Hà Nội, 115005, Việt Nam",21.065,105.869
"537, Đường Cổ Nhuế, Phường Cổ Nhuế 2, Quận Bắc Từ Liêm, Thành phố Hà Nội, 04, Việt Nam",21.071,105.777
"55, Ngõ 238 Âu Cơ, Quảng An, Phường Quảng An, Quận Tây Hồ, Thành phố Hà Nội, 124415, Việt Nam",21.07,105.828
"56, Ngõ 52 Đường Tô Ngọc Vân, Nhật Tân, Phường Nhật Tân, Quận Tây Hồ, Thành phố Hà Nội, 124415, Việt Nam",21.072,105.822
"56, Ngõ 603 Đường Lạc Long Quân, Phường Xuân La, Quận Tây Hồ, Thành phố Hà Nội, 124224, Việt Nam",21.068,105.808
"565, Đường Lạc Long Quân, Phường Xuân La, Quận Cầu Giấy, Quận Tây Hồ, Thành phố Hà Nội, 124224, Việt Nam",21.065,105.81
"572, Đường Ngọc Thụy, Ngọc Thụy, Phường Ngọc Thụy, Quận Long Biên, Thành phố Hà Nội, 115005, Việt Nam",21.066,105.871
"58, Đường De Qual, Từ Liên, Phường Tứ Liên, Quận Tây Hồ, Thành phố Hà Nội, 124415, Việt Nam",21.065,105.837
"6, Đường Nườc Phấn Lan, Từ Liên, Phường Quảng An, Quận Tây Hồ, Thành phố Hà Nội, 124415, Việt Nam",21.069,105.831
"624, Đường Ngọc Thụy, Phường Ngọc Thụy, Quận Long Biên, Thành phố Hà Nội, 115005, Việt Nam",21.067,105.873
"66, Ngõ 52 Đường Tô Ngọc Vân, Nhật Tân, Phường Nhật Tân, Quận Tây Hồ, Thành phố Hà Nội, 124415, Việt Nam",21.073,105.822
"671, Đường Lạc Long Quân, Phường Xuân La, Phường Phú Thượng, Quận Tây Hồ, Thành phố Hà Nội, 124224, Việt Nam",21.071,105.812
"7, Ngõ 647 Lạc Long Quân, Phường Xuân La, Quận Tây Hồ, Thành phố Hà Nội, 124224, Việt Nam",21.068,105.811
"71, Đường Nườc Phấn Lan, Từ Liên, Phường Tứ Liên, Quận Tây Hồ, Thành phố Hà Nội, 124415, Việt Nam",21.065,105.834
"77, Phố Nhật Chiêu, Nhật Tân, Phường Nhật Tân, Quận Tây Hồ, Thành phố Hà Nội, 11200, Việt Nam",21.071,105.814
"8, Ngõ 677 Lạc Long Quân, Tây Hồ, Phường Phú Thượng, Quận Tây Hồ, Thành phố Hà Nội, 124224, Việt Nam",21.072,105.812
"84, Ngõ 566 Lạc Long Quân, Nhật Tân, Phường Nhật Tân, Quận Tây Hồ, Thành phố Hà Nội, 11200, Việt Nam",21.074,105.815
"86, Ngách 124/84 Âu Cơ, Từ Liên, Phường Tứ Liên, Quận Tây Hồ, Thành phố Hà Nội, 124415, Việt Nam",21.065,105.836
"86, Phố Thanh Am, Phường Thượng Thanh, Quận Long Biên, Thành phố Hà Nội, 0947733060, Việt Nam",21.074,105.901
"Beer, Phố Quảng Bá, Nhật Tân, Phường Nhật Tân, Quận Tây Hồ, Thành phố Hà Nội, 11200, Việt Nam",21.073,105.82
"Birdcage, Đường Nườc Phấn Lan, Từ Liên, Phường Quảng An, Quận Tây Hồ, Thành phố Hà Nội, 124415, Việt Nam",21.072,105.83
"Burger & Buns, 231, Đường Âu Cơ, Quảng An, Phường Quảng An, Quận Tây Hồ, Thành phố Hà Nội, 124415, Việt Nam",21.067,105.827
"Bên trăng, 80/78, Phố Bắc Cẩu, Ngọc Thụy, Phường Ngọc Thụy, Quận Long Biên, Thành phố Hà Nội, 115005, Việt Nam",21.069,105.86
"C2, Phường Phú Thượng, Quận Tây Hồ, Thành phố Hà Nội, 124224, Việt Nam",21.074,105.804
"Chung Cư Ciputra, Đường Nguyễn Hoàng Tôn, Khu đô thị Nam Thăng Long, Phường Xuân Tảo, Quận Tây Hồ, Thành phố Hà Nội, 124224, Việt Nam",21.074,105.801
"Chung cư H1 Khu đô thị Việt Hưng, Vạn Hạnh, Quận Long Biên, Thành phố Hà Nội, 0947733060, Việt Nam",21.068,105.908
"Chùa Thôn Trung, Ngõ 157 Đường Dương Hà, Công Đình, Thôn Trung, Huyện Gia Lâm, Thành phố Hà Nội, 0947733060, Việt Nam",21.07,105.93
"Chùa Vạn Niên, Phố Vệ Hồ, Phường Xuân La, Phường Bưởi, Quận Tây Hồ, Thành phố Hà Nội, 124224, Việt Nam",21.066,105.811
"Chợ hoa Quảng An, 236, Đường Âu Cơ, Phường Quảng An, Quận Tây Hồ, Thành phố Hà Nội, 124415, Việt Nam",21.068,105.827
"Circle K, Ngõ 52 Đường Tô Ngọc Vân, Nhật Tân, Phường Quảng An, Quận Tây Hồ, Thành phố Hà Nội, 124415, Việt Nam",21.069,105.824
"Com Binh Dan, Ngõ 11 Đường Tây Hồ, Quảng An, Phường Quảng An, Quận Tây Hồ, Thành phố Hà Nội, 124415, Việt Nam",21.066,105.826
"Công an huyện Hoài Đức, Đường Vạn Xuân, Giang Xá, Trạm Trôi, Huyện Hoài Đức, Thành phố Hà Nội, 24, Việt Nam",21.069,105.71
"Công an phường Cổ Nhuế 2, Ngõ 282 Cổ Nhuế, Phường Cổ Nhuế 2, Quận Bắc Từ Liêm, Thành phố Hà Nội, 04, Việt Nam",21.067,105.782
"Công ty TNHH công nghệ và truyền thông, Phố Chế Lan Viên, Phường Cổ Nhuế 2, Quận Bắc Từ Liêm, Thành phố Hà Nội, 100000, Việt Nam",21.066,105.781
"Công viên Mặt Trời Mới, Phố Vũ Tuấn Chiêu, Nhật Tân, Phường Nhật Tân, Quận Tây Hồ, Thành phố Hà Nội, 11200, Việt Nam",21.074,105.818
"Cổng vào KĐT Ciputra, Đường Nguyễn Hoàng Tôn, Phường Xuân La, Phường Xuân Tảo, Quận Tây Hồ, Thành phố Hà Nội, 124224, Việt Nam",21.071,105.808
"D' El Dorado, 659A, Đường Lạc Long Quân, Phường Xuân La, Phường Phú Thượng, Quận Tây Hồ, Thành phố Hà Nội, 124224, Việt Nam",21.07,105.811
"D5C, Tây Hồ, Phường Phú Thượng, Quận Tây Hồ, Thành phố Hà Nội, 124224, Việt Nam",21.073,105.812
"Domino's, 107, Đường Xuân La, Phường Xuân La, Phường Xuân Tảo, Quận Bắc Từ Liêm, Thành phố Hà Nội, 143315, Việt Nam",21.068,105.803
"Ella Speciality Cafe Roaster, Ngõ 52 Đường Tô Ngọc Vân, Nhật Tân, Phường Nhật Tân, Quận Tây Hồ, Thành phố Hà Nội, 124415, Việt Nam",21.071,105.823
"Gần đối diện ngã 3 vào thôn Trù 2, Đường Phạm Văn Nghị, Phường Thụy Phương, Quận Bắc Từ Liêm, Thành phố Hà Nội, 04, Việt Nam",21.065,105.761
"H10, Ngõ 28 Xuân La, Phường Xuân La, Quận Tây Hồ, Thành phố Hà Nội, 124224, Việt Nam",21.065,105.808
"Hapro Đức Giang, Phố Đức Giang, Đức Giang, Quận Long Biên, Thành phố Hà Nội, 0947733060, Việt Nam",21.065,105.894
"Home, Ngõ 472 Lạc Long Quân, Tây Hồ, Phường Nhật Tân, Quận Tây Hồ, Thành phố Hà Nội, 11200, Việt Nam",21.072,105.813
"Hẻm 16 Ngách 27 Ngõ 31 Đê Tả Hồng, Huyện Đông Anh, Thành phố Hà Nội, 115005, Việt Nam",21.07,105.87
"Hẻm 165/2/3 Phố Thanh Am, Phường Thượng Thanh, Quận Long Biên, Thành phố Hà Nội, 0947733060, Việt Nam",21.07,105.9
"Hẻm 24 Ngách 2 Ngõ 142 Đường Tỉnh 419, Phú Kim, Huyện Thạch Thất, Thành phố Hà Nội, Việt Nam",21.067,105.576
"Hẻm 54/2/33 Đường Tây Tựu, Phường Tây Tựu, Quận Bắc Từ Liêm, Thành phố Hà Nội, 24, Việt Nam",21.074,105.726
"Hẻm 96/9/2 Tuyến Số 1, Giang Xá, Trạm Trôi, Huyện Hoài Đức, Thành phố Hà Nội, 24, Việt Nam",21.065,105.702
"Hẻm 99/1/4, Phường Thượng Thanh, Quận Long Biên, Thành phố Hà Nội, 0947733060, Việt Nam",21.066,105.884
"International Centre for Environmental Management - ICEM, 49, Ngõ 45 Đường Tô Ngọc Vân, Quảng An, Phường Quảng An, Quận Tây Hồ, Thành phố Hà Nội, 124415, Việt Nam",21.068,105.824
"Khu B, Đường vào đại học Mỏ - Địa chất, Phường Thụy Phương, Quận Bắc Từ Liêm, Thành phố Hà Nội, 10000, Việt Nam",21.069,105.761
"Khu liên cơ Võ Chí Công, Đường Võ Chí Công, Phường Xuân La, Quận Tây Hồ, Thành phố Hà Nội, 124224, Việt Nam",21.069,105.809
"Khu sinh thái Cánh Buồm Xanh, Ninh Hiệp, Trung Quán, Huyện Gia Lâm, Thành phố Hà Nội, 16300, Việt Nam",21.074,105.942
"Khu tập thể cục đo lường chất lượng, Quận Bắc Từ Liêm, Thành phố Hà Nội, 04, Việt Nam",21.068,105.762
"Kl cần đến, Phố Thép Mới, Phường Việt Hưng, Phường Giang Biên, Quận Long Biên, Thành phố Hà Nội, 0947733060, Việt Nam",21.065,105.909
"Kosmo Tây Hồ, 101, Hẻm 195/2/39 Đường Xuân La, Phường Xuân Tảo, Quận Bắc Từ Liêm, Thành phố Hà Nội, 143315, Việt Nam",21.068,105.802
"Lô 6 - Cụm CN Lai Xá, Xã Kim Chung, Huyện Hoài Đức, Thành phố Hà Nội, 24, Việt Nam",21.065,105.725
"Minh Thu, 106 K16, Phố Thép Mới, Phường Việt Hưng, Phường Giang Biên, Quận Long Biên, Thành phố Hà Nội, 0947733060, Việt Nam",21.067,105.908
"N02-T1 & T2, Đường Xuân Tảo, Khu Ngoại giao đoàn, Phường Xuân Tảo, Quận Bắc Từ Liêm, Thành phố Hà Nội, 143315, Việt Nam",21.067,105.798
"N03-T2 (Taseco Complex), N03T2, Đường Xuân Tảo, Khu Ngoại giao đoàn, Phường Xuân Tảo, Quận Bắc Từ Liêm, Thành phố Hà Nội, 143315, Việt Nam",21.065,105.799
"N04A, Hẻm 195/2/39 Đường Xuân La, Phường Xuân Tảo, Quận Bắc Từ Liêm, Thành phố Hà Nội, 143315, Việt Nam",21.066,105.801
"Ngõ 153 Phố Tân Phong, Phường Thụy Phương, Quận Bắc Từ Liêm, Thành phố Hà Nội, 04, Việt Nam",21.074,105.764
"Nguyễn Cao Luyện, Phường Giang Biên, Quận Long Biên, Thành phố Hà Nội, 0947733060, Việt Nam",21.065,105.907
"Ngách 11/5 Tô Ngọc Vân, Quảng An, Phường Quảng An, Quận Tây Hồ, Thành phố Hà Nội, 124415, Việt Nam",21.067,105.825
"Ngách 115/2/9 Đường Xuân La, Phường Xuân Tảo, Quận Bắc Từ Liêm, Thành phố Hà Nội, 143315, Việt Nam",21.067,105.803
"Ngách 124/55 Âu Cơ, Từ Liên, Phường Tứ Liên, Quận Tây Hồ, Thành phố Hà Nội, 124415, Việt Nam",21.066,105.832
"Ngách 150/41 Phố Trung Kiên, Phường Tây Tựu, Quận Bắc Từ Liêm, Thành phố Hà Nội, 24, Việt Nam",21.069,105.734
"Ngách 172/114 Âu Cơ, Từ Liên, Phường Tứ Liên, Quận Tây Hồ, Thành phố Hà Nội, 124415, Việt Nam",21.067,105.833
"Ngách 172/128, Từ Liên, Phường Tứ Liên, Quận Tây Hồ, Thành phố Hà Nội, 124415, Việt Nam",21.067,105.834
"Ngách 172/172 Đường Âu Cơ, Từ Liên, Phường Tứ Liên, Quận Tây Hồ, Thành phố Hà Nội, 124415, Việt Nam",21.07,105.835
"Ngách 2 Ngõ 142 Đường Tỉnh 419, Phú Kim, Huyện Thạch Thất, Thành phố Hà Nội, Việt Nam",21.067,105.577
"Ngách 20/1, Phú Minh, Phường Minh Khai, Quận Bắc Từ Liêm, Thành phố Hà Nội, 04, Việt Nam",21.066,105.743
"Ngách 205/174 Xuân Đỉnh, Phường Xuân Đỉnh, Quận Bắc Từ Liêm, Thành phố Hà Nội, 143315, Việt Nam",21.068,105.791
"Ngách 205/193, Phường Xuân Đỉnh, Quận Bắc Từ Liêm, Thành phố Hà Nội, 143315, Việt Nam",21.066,105.791
"Ngách 205/200, Phường Xuân Đỉnh, Quận Bắc Từ Liêm, Thành phố Hà Nội, 04, Việt Nam",21.067,105.79
"Ngách 205/207, Phường Xuân Đỉnh, Quận Bắc Từ Liêm, Thành phố Hà Nội, 04, Việt Nam",21.066,105.79
"Ngách 207/183 Đường Xuân Đỉnh, Phường Xuân Đỉnh, Quận Bắc Từ Liêm, Thành phố Hà Nội, 143315, Việt Nam",21.068,105.79
"Ngách 238/62 Âu Cơ, Phường Quảng An, Quận Tây Hồ, Thành phố Hà Nội, 124415, Việt Nam",21.071,105.828
"Ngách 238/69 Âu Cơ, Phường Quảng An, Quận Tây Hồ, Thành phố Hà Nội, 124415, Việt Nam",21.07,105.827
"Ngách 238/93 Âu Cơ, Phường Quảng An, Quận Tây Hồ, Thành phố Hà Nội, 124415, Việt Nam",21.071,105.827
"Ngách 255/3 Phố Thanh Am, Phường Thượng Thanh, Quận Long Biên, Thành phố Hà Nội, 0947733060, Việt Nam",21.067,105.897
"Ngách 3 Ngõ 118 Đê Tả Hồng, Huyện Đông Anh, Thành phố Hà Nội, 115005, Việt Nam",21.072,105.868
"Ngách 34/47 Xuân La, Phường Xuân La, Quận Tây Hồ, Thành phố Hà Nội, 124224, Việt Nam",21.068,105.806
"Ngách 347/116 Đường Cổ Nhuế, Phường Cổ Nhuế 2, Quận Bắc Từ Liêm, Thành phố Hà Nội, 04, Việt Nam",21.066,105.775
"Ngách 36/24 Phố Trung Kiên, Phường Tây Tựu, Quận Bắc Từ Liêm, Thành phố Hà Nội, 24, Việt Nam",21.067,105.738
"Ngách 44/23, Phường Thượng Thanh, Quận Long Biên, Thành phố Hà Nội, 0947733060, Việt Nam",21.071,105.887
"Ngách 44/58, Phường Thượng Thanh, Quận Long Biên, Thành phố Hà Nội, 0947733060, Việt Nam",21.072,105.889
"Ngách 44/58/11, Phường Thượng Thanh, Quận Long Biên, Thành phố Hà Nội, 0947733060, Việt Nam",21.072,105.888
"Ngách 44/58/34 Phố Đức Giang, Phường Thượng Thanh, Quận Long Biên, Thành phố Hà Nội, 0947733060, Việt Nam",21.071,105.89
"Ngách 44/58/36 Phố Đức Giang, Phường Thượng Thanh, Quận Long Biên, Thành phố Hà Nội, 0947733060, Việt Nam",21.072,105.89
"Ngách 44/58/63 Phố Đức Giang, Phường Thượng Thanh, Quận Long Biên, Thành phố Hà Nội, 0947733060, Việt Nam",21.073,105.89
"Ngách 466/41 Ngô Gia Tự, Quận Long Biên, Thành phố Hà Nội, 0947733060, Việt Nam",21.071,105.906
"Ngách 466/79 Ngô Gia Tự, Quận Long Biên, Thành phố Hà Nội, 0947733060, Việt Nam",21.07,105.907
"Ngách 466/80 Ngô Gia Tự, Quận Long Biên, Thành phố Hà Nội, 0947733060, Việt Nam",21.068,105.905
"Ngách 466/82 Ngô Gia Tự, Quận Long Biên, Thành phố Hà Nội, 0947733060, Việt Nam",21.068,105.907
"Ngách 466/85 Ngô Gia Tự, Quận Long Biên, Thành phố Hà Nội, 0947733060, Việt Nam",21.07,105.908
"Ngách 466/99 Ngô Gia Tự, Quận Long Biên, Thành phố Hà Nội, 0947733060, Việt Nam",21.069,105.908
"Ngách 52/22/1 Đường Tô Ngọc Vân, Phường Quảng An, Quận Tây Hồ, Thành phố Hà Nội, 124415, Việt Nam",21.07,105.824
"Ngách 532/1 Ngọc Thụy, Phường Ngọc Thụy, Quận Long Biên, Thành phố Hà Nội, 115005, Việt Nam",21.065,105.87
"Ngách 54/65 Đường Tây Tựu, Phường Tây Tựu, Quận Bắc Từ Liêm, Thành phố Hà Nội, 24, Việt Nam",21.073,105.727
"Ngách 6 Phố Đường Hoa, Quảng An, Phường Quảng An, Quận Tây Hồ, Thành phố Hà Nội, 124415, Việt Nam",21.069,105.829
"Ngách 603/54, Phường Xuân La, Quận Tây Hồ, Thành phố Hà Nội, 124224, Việt Nam",21.068,105.809
"Ngách 638/1 Đường Ngô Gia Tự, Quận Long Biên, Thành phố Hà Nội, 0947733060, Việt Nam",21.073,105.908
"Ngách 638/118 Ngô Gia Tự, Quận Long Biên, Thành phố Hà Nội, 0947733060, Việt Nam",21.072,105.905
"Ngách 638/46 Ngô Gia Tự, Quận Long Biên, Thành phố Hà Nội, 0947733060, Việt Nam",21.073,105.907
"Ngách 638/88 Ngô Gia Tự, Quận Long Biên, Thành phố Hà Nội, 0947733060, Việt Nam",21.072,105.906
"Ngách 80/68 Phố Bắc Cầu, Phường Ngọc Thụy, Quận Long Biên, Thành phố Hà Nội, 115005, Việt Nam",21.068,105.86
"Ngách 85/28 Phố Trung Kiên, Phường Tây Tựu, Quận Bắc Từ Liêm, Thành phố Hà Nội, 24, Việt Nam",21.067,105.735
"Ngách 85/43 Phố Trung Kiên, Phường Tây Tựu, Quận Bắc Từ Liêm, Thành phố Hà Nội, 24, Việt Nam",21.065,105.735
"Ngách 987/30 Ngô Gia Tự, Phường Thượng Thanh, Quận Long Biên, Thành phố Hà Nội, 0947733060, Việt Nam",21.074,105.904
"Ngách 99/47, Phường Thượng Thanh, Quận Long Biên, Thành phố Hà Nội, 0947733060, Việt Nam",21.066,105.883
"Ngã ba Sơn Tây - Võng Xuyên, Quốc lộ 21, Thị xã Sơn Tây, Thành phố Hà Nội, Việt Nam",21.074,105.502
"Ngã ba Sơn Đông - Võng Xuyên, Quốc lộ 21, Thị xã Sơn Tây, Thành phố Hà Nội, Việt Nam",21.072,105.501
"Ngã tư Trôi, Đường tỉnh 422, Giang Xá, Trạm Trôi, Huyện Hoài Đức, Thành phố Hà Nội, 24, Việt Nam",21.07,105.708
"Ngô 47 Duc Giang, Đức Giang, Quận Long Biên, Thành phố Hà Nội, 0947733060, Việt Nam",21.065,105.895
"Ngô Gia Tự, Phường Việt Hưng, Quận Long Biên, Thành phố Hà Nội, 0947733060, Việt Nam",21.069,105.902
"Ngõ 1 Nguyễn Hoàng Tôn, Phường Xuân La, Quận Tây Hồ, Thành phố Hà Nội, 124224, Việt Nam",21.069,105.81
"Ngõ 1 Đỗ Nhuận, Phường Xuân Đỉnh, Phường Xuân Tảo, Quận Bắc Từ Liêm, Thành phố Hà Nội, 04, Việt Nam",21.068,105.787
"Ngõ 101 đường Gia Thượng, Phường Thượng Thanh, Quận Long Biên, Thành phố Hà Nội, 0947733060, Việt Nam",21.074,105.889
"Ngõ 103 Lý Sơn, Phường Ngọc Thụy, Quận Long Biên, Thành phố Hà Nội, 115005, Việt Nam",21.065,105.879
"Ngõ 104, Quận Long Biên, Thành phố Hà Nội, 0947733060, Việt Nam",21.069,105.885
"Ngõ 105, Phường Xuân La, Phường Xuân Tảo, Quận Tây Hồ, Thành phố Hà Nội, 124224, Việt Nam",21.067,105.804
"Ngõ 106 Đường Dương Hà, Công Đình, Thôn Trung, Huyện Gia Lâm, Thành phố Hà Nội, 0947733060, Việt Nam",21.073,105.929
"Ngõ 108 Xuân Đỉnh, Phường Xuân Đỉnh, Quận Bắc Từ Liêm, Thành phố Hà Nội, 143315, Việt Nam",21.072,105.8
"Ngõ 109 Âu Cơ, Nhật Tân, Phường Nhật Tân, Quận Tây Hồ, Thành phố Hà Nội, 124415, Việt Nam",21.072,105.824
"Ngõ 110 Đường Nguyễn Hoàng Tôn, Tây Hồ, Phường Phú Thượng, Quận Tây Hồ, Thành phố Hà Nội, 124224, Việt Nam",21.072,105.805
"Ngõ 117 Đường Xuân Đỉnh, Phường Xuân Đỉnh, Quận Bắc Từ Liêm, Thành phố Hà Nội, 143315, Việt Nam",21.069,105.8
"Ngõ 118 Phố Trung Kiên, Phường Tây Tựu, Quận Bắc Từ Liêm, Thành phố Hà Nội, 24, Việt Nam",21.068,105.735
"Ngõ 118 Phố Trung Tựu, Phường Tây Tựu, Quận Bắc Từ Liêm, Thành phố Hà Nội, 24, Việt Nam",21.065,105.736
"Ngõ 119 Phố Tây Tựu, Phường Tây Tựu, Quận Bắc Từ Liêm, Thành phố Hà Nội, 24, Việt Nam",21.073,105.729
"Ngõ 122 Nam Đuống, Phường Thượng Thanh, Quận Long Biên, Thành phố Hà Nội, 0947733060, Việt Nam",21.073,105.889
"Ngõ 124 Phố Tây Đạm, Phường Tây Tựu, Quận Bắc Từ Liêm, Thành phố Hà Nội, 24, Việt Nam",21.072,105.731
"Ngõ 131 Phố Trung Kiên, Phường Tây Tựu, Quận Bắc Từ Liêm, Thành phố Hà Nội, 24, Việt Nam",21.067,105.734
"Ngõ 133 Xuân Đỉnh, Phường Xuân Đỉnh, Quận Bắc Từ Liêm, Thành phố Hà Nội, 143315, Việt Nam",21.071,105.799
"Ngõ 133 Đường Xuân Đỉnh, Phường Xuân Đỉnh, Quận Bắc Từ Liêm, Thành phố Hà Nội, 143315, Việt Nam",21.07,105.799
"Ngõ 149 Phố Bắc Cầu, Phường Ngọc Thụy, Quận Long Biên, Thành phố Hà Nội, 115005, Việt Nam",21.065,105.859
"Ngõ 155 Xuân Đỉnh, Phường Xuân Đỉnh, Quận Bắc Từ Liêm, Thành phố Hà Nội, 143315, Việt Nam",21.071,105.797
"Ngõ 155, Phường Thượng Thanh, Quận Long Biên, Thành phố Hà Nội, 0947733060, Việt Nam",21.067,105.883
"Ngõ 172 Xuân Đỉnh, Phường Xuân Đỉnh, Quận Bắc Từ Liêm, Thành phố Hà Nội, 143315, Việt Nam",21.073,105.798
"Ngõ 187 Xuân Đỉnh, Phường Xuân Đỉnh, Quận Bắc Từ Liêm, Thành phố Hà Nội, 143315, Việt Nam",21.071,105.796
"Ngõ 19 Phô Đặng Vũ Hỷ, Phường Thượng Thanh, Quận Long Biên, Thành phố Hà Nội, 0947733060, Việt Nam",21.07,105.898
"Ngõ 190, Phường Thượng Thanh, Quận Long Biên, Thành phố Hà Nội, 0947733060, Việt Nam",21.071,105.899
"Ngõ 192 Phố Đức Giang, Phường Thượng Thanh, Quận Long Biên, Thành phố Hà Nội, 0947733060, Việt Nam",21.068,105.883
"Ngõ 194 Phố Thanh Am, Phường Thượng Thanh, Quận Long Biên, Thành phố Hà Nội, 0947733060, Việt Nam",21.07,105.895
"Ngõ 2, Phường Xuân Tảo, Quận Bắc Từ Liêm, Thành phố Hà Nội, 143315, Việt Nam",21.07,105.803
"Ngõ 207 Xuân Đỉnh, Phường Xuân Đỉnh, Quận Bắc Từ Liêm, Thành phố Hà Nội, 04, Việt Nam",21.069,105.789
"Ngõ 212 Phố Trung Kiên, Phường Tây Tựu, Quận Bắc Từ Liêm, Thành phố Hà Nội, 24, Việt Nam",21.07,105.731
"Ngõ 22 Đặng Vũ Hỷ, Phường Thượng Thanh, Quận Long Biên, Thành phố Hà Nội, 0947733060, Việt Nam",21.071,105.901
"Ngõ 220 Bắc Cầu, Phường Ngọc Thụy, Quận Long Biên, Thành phố Hà Nội, 115005, Việt Nam",21.07,105.856
"Ngõ 223 Đường Xuân Đỉnh, Phường Xuân Đỉnh, Quận Bắc Từ Liêm, Thành phố Hà Nội, 143315, Việt Nam",21.071,105.795
"Ngõ 228 Âu Cơ, Quảng An, Phường Quảng An, Quận Tây Hồ, Thành phố Hà Nội, 124415, Việt Nam",21.066,105.829
"Ngõ 230 Phõ Đức Giang, Phường Thượng Thanh, Quận Long Biên, Thành phố Hà Nội, 0947733060, Việt Nam",21.07,105.882
"Ngõ 236 Âu Cơ, Quảng An, Phường Quảng An, Quận Tây Hồ, Thành phố Hà Nội, 124415, Việt Nam",21.067,105.828
"Ngõ 24 Đường Xuân Đỉnh, Phường Xuân Tảo, Quận Bắc Từ Liêm, Thành phố Hà Nội, 143315, Việt Nam",21.07,105.802
"Ngõ 240 Âu Cơ, Quảng An, Phường Quảng An, Quận Tây Hồ, Thành phố Hà Nội, 124415, Việt Nam",21.069,105.827
"Ngõ 244 Âu Cơ, Phường Nhật Tân, Quận Tây Hồ, Thành phố Hà Nội, 124415, Việt Nam",21.072,105.827
"Ngõ 256 Đường Xuân Đỉnh, Phường Xuân Đỉnh, Quận Bắc Từ Liêm, Thành phố Hà Nội, 143315, Việt Nam",21.073,105.793
"Ngõ 260 Phố Bắc Cầu, Phường Ngọc Thụy, Quận Long Biên, Thành phố Hà Nội, 115005, Việt Nam",21.071,105.855
"Ngõ 27 Phố Trung Tựu, Phường Tây Tựu, Quận Bắc Từ Liêm, Thành phố Hà Nội, 24, Việt Nam",21.066,105.739
"Ngõ 276 Phố Trung Kiên, Phường Tây Tựu, Quận Bắc Từ Liêm, Thành phố Hà Nội, 24, Việt Nam",21.071,105.73
"Ngõ 28 Xuân La, Phường Xuân La, Quận Tây Hồ, Thành phố Hà Nội, 124224, Việt Nam",21.066,105.808
"Ngõ 28, Quảng An, Phường Quảng An, Quận Tây Hồ, Thành phố Hà Nội, 124415, Việt Nam",21.066,105.825
"Ngõ 301 Xuân Đỉnh, Phường Xuân Đỉnh, Quận Bắc Từ Liêm, Thành phố Hà Nội, 143315, Việt Nam",21.071,105.792
"Ngõ 323 Xuân Đỉnh, Xuân Tảo, Phường Xuân Tảo, Quận Bắc Từ Liêm, Thành phố Hà Nội, 143315, Việt Nam",21.071,105.791
"Ngõ 332 Ngô Gia Tự, Đức Giang, Quận Long Biên, Thành phố Hà Nội, 0947733060, Việt Nam",21.065,105.898
"Ngõ 337 Âu Cơ, Nhật Tân, Phường Nhật Tân, Quận Tây Hồ, Thành phố Hà Nội, 124415, Việt Nam",21.073,105.824
"Ngõ 34 Xuân La, Phường Xuân La, Phường Xuân Tảo, Quận Tây Hồ, Thành phố Hà Nội, 124224, Việt Nam",21.068,105.807
"Ngõ 341 Phố Bắc Cầu, Phường Ngọc Thụy, Quận Long Biên, Thành phố Hà Nội, 115005, Việt Nam",21.071,105.854
"Ngõ 355 Đường Xuân Đỉnh, Phường Xuân Đỉnh, Quận Bắc Từ Liêm, Thành phố Hà Nội, 04, Việt Nam",21.07,105.788
"Ngõ 37 Phố Đặng Vũ Hỷ, Phường Thượng Thanh, Quận Long Biên, Thành phố Hà Nội, 0947733060, Việt Nam",21.072,105.899
"Ngõ 38 Xuân La, Phường Xuân La, Phường Xuân Tảo, Quận Tây Hồ, Thành phố Hà Nội, 124224, Việt Nam",21.068,105.804
"Ngõ 38 Xuân La, Phường Xuân La, Quận Tây Hồ, Thành phố Hà Nội, 124224, Việt Nam",21.069,105.805
"Ngõ 397 Đường Phạm Văn Đồng, Phường Xuân Đỉnh, Quận Bắc Từ Liêm, Thành phố Hà Nội, 04, Việt Nam",21.069,105.787
"Ngõ 40 Đường Xuân La, Phường Xuân Tảo, Quận Bắc Từ Liêm, Thành phố Hà Nội, 124224, Việt Nam",21.069,105.804
"Ngõ 408 Ngô Gia Tự, Đức Giang, Quận Long Biên, Thành phố Hà Nội, 0947733060, Việt Nam",21.065,105.9
"Ngõ 41 Đường Hoa, Quảng An, Phường Quảng An, Quận Tây Hồ, Thành phố Hà Nội, 124415, Việt Nam",21.068,105.829
"Ngõ 435 Đường Xuân Đỉnh, Phường Xuân Đỉnh, Quận Bắc Từ Liêm, Thành phố Hà Nội, 04, Việt Nam",21.073,105.786
"Ngõ 446 Đường Cổ Nhuế, Phường Cổ Nhuế 2, Quận Bắc Từ Liêm, Thành phố Hà Nội, 04, Việt Nam",21.071,105.778
"Ngõ 46 Xuân Đỉnh, Phường Xuân Đỉnh, Phường Xuân Tảo, Quận Bắc Từ Liêm, Thành phố Hà Nội, 143315, Việt Nam",21.072,105.802
"Ngõ 487, Phường Cổ Nhuế 2, Quận Bắc Từ Liêm, Thành phố Hà Nội, 04, Việt Nam",21.069,105.778
"Ngõ 49 Đức Giang, Đức Giang, Quận Long Biên, Thành phố Hà Nội, 0947733060, Việt Nam",21.065,105.893
"Ngõ 5 Quảng An, Quảng An, Phường Quảng An, Quận Tây Hồ, Thành phố Hà Nội, 124415, Việt Nam",21.069,105.83
"Ngõ 53 Đức Giang, Đức Giang, Quận Long Biên, Thành phố Hà Nội, 0947733060, Việt Nam",21.066,105.891
"Ngõ 54 Đường Tây Tựu, Phường Tây Tựu, Quận Bắc Từ Liêm, Thành phố Hà Nội, 24, Việt Nam",21.074,105.727
"Ngõ 562 Ngọc Thụy, Phường Ngọc Thụy, Quận Long Biên, Thành phố Hà Nội, 115005, Việt Nam",21.065,105.871
"Ngõ 569 Lạc Long Quân, Phường Xuân La, Quận Tây Hồ, Thành phố Hà Nội, 124224, Việt Nam",21.066,105.809
"Ngõ 591 Lạc Long Quân, Phường Xuân La, Quận Tây Hồ, Thành phố Hà Nội, 124224, Việt Nam",21.067,105.81
"Ngõ 6 Phô Đặng Vũ Hỷ, Phường Thượng Thanh, Quận Long Biên, Thành phố Hà Nội, 0947733060, Việt Nam",21.071,105.902
"Ngõ 6 Quảng An, Phường Quảng An, Quận Tây Hồ, Thành phố Hà Nội, 124415, Việt Nam",21.07,105.831
"Ngõ 604 Ngọc Thụy, Ngọc Thụy, Phường Ngọc Thụy, Quận Long Biên, Thành phố Hà Nội, 115005, Việt Nam",21.066,105.873
"Ngõ 62 Đường Cao Trung 1, Cao Xá Trung, Xã Đức Giang, Huyện Hoài Đức, Thành phố Hà Nội, 24, Việt Nam",21.066,105.701
"Ngõ 623 Ngô Gia Tự, Đức Giang, Quận Long Biên, Thành phố Hà Nội, 0947733060, Việt Nam",21.067,105.899
"Ngõ 666 Ngọc Thụy, Phường Ngọc Thụy, Quận Long Biên, Thành phố Hà Nội, 115005, Việt Nam",21.067,105.874
"Ngõ 71, Đức Giang, Quận Long Biên, Thành phố Hà Nội, 0947733060, Việt Nam",21.068,105.889
"Ngõ 74 Xuân Đỉnh, Phường Xuân Đỉnh, Quận Bắc Từ Liêm, Thành phố Hà Nội, 143315, Việt Nam",21.072,105.801
"Ngõ 78 Phố Tây Đam, Phường Tây Tựu, Quận Bắc Từ Liêm, Thành phố Hà Nội, 24, Việt Nam",21.073,105.73
"Ngõ 78 Đường 422, Giang Xá, Trạm Trôi, Huyện Hoài Đức, Thành phố Hà Nội, 24, Việt Nam",21.067,105.705
"Ngõ 79 Thanh Am, Phường Thượng Thanh, Quận Long Biên, Thành phố Hà Nội, 0947733060, Việt Nam",21.074,105.902
"Ngõ 80 Phố Trung Kiên, Phường Tây Tựu, Quận Bắc Từ Liêm, Thành phố Hà Nội, 24, Việt Nam",21.067,105.736
"Ngõ 81 Đức Giang, Đức Giang, Quận Long Biên, Thành phố Hà Nội, 0947733060, Việt Nam",21.068,105.888
"Ngõ 87 Đường Tây Tựu, Phường Tây Tựu, Quận Bắc Từ Liêm, Thành phố Hà Nội, 24, Việt Nam",21.074,105.729
"Ngõ 94 Đường Tô Ngọc Vân, Quảng An, Phường Quảng An, Quận Tây Hồ, Thành phố Hà Nội, 11200, Việt Nam",21.068,105.822
"Ngõ 99 đường Gia Thượng, Phường Thượng Thanh, Quận Long Biên, Thành phố Hà Nội, 0947733060, Việt Nam",21.073,105.887
"Nhà dân, Đường đi, Phường Thụy Phương, Quận Bắc Từ Liêm, Thành phố Hà Nội, 04, Việt Nam",21.065,105.762
"Nhà ở, Đường Bờ tây sông Nhuệ, Phường Cổ Nhuế 2, Quận Bắc Từ Liêm, Thành phố Hà Nội, 04, Việt Nam",21.072,105.771
"OCT3, Quận Bắc Từ Liêm, Thành phố Hà Nội, 04, Việt Nam",21.068,105.783
"Owl’n’Hen, Đường Tô Ngọc Vân, Quảng An, Phường Quảng An, Quận Tây Hồ, Thành phố Hà Nội, 124415, Việt Nam",21.068,105.825
"Pegasus Street, Phường Xuân La, Quận Tây Hồ, Thành phố Hà Nội, 124224, Việt Nam",21.072,105.808
"Petrolimex, Phố Đức Giang, Đức Giang, Quận Long Biên, Thành phố Hà Nội, 0947733060, Việt Nam",21.068,105.89
"Petrolimex, Đường Phạm Văn Đồng, Phường Xuân Đỉnh, Phường Xuân Tảo, Quận Bắc Từ Liêm, Thành phố Hà Nội, 04, Việt Nam",21.072,105.786
"Phòng Cảnh sát Phòng cháy chữa cháy, Đường Võ Chí Công, Phường Xuân La, Phường Phú Thượng, Quận Tây Hồ, Thành phố Hà Nội, 124224, Việt Nam",21.073,105.81
"Phường Ngọc Thụy, Quận Long Biên, Thành phố Hà Nội, 0947733060, Việt Nam",21.065,105.88
"Phường Nhật Tân, Quận Tây Hồ, Thành phố Hà Nội, 124224, Việt Nam",21.069,105.812
"Phường Xuân La, Phường Xuân Tảo, Quận Tây Hồ, Thành phố Hà Nội, 143315, Việt Nam",21.071,105.803
"Phố Bắc Cẩu, Phường Ngọc Thụy, Quận Long Biên, Thành phố Hà Nội, 115005, Việt Nam",21.066,105.861
"Phố Chế Lan Viên, Khu đô thị mới Cổ Nhuế - Xuân Đỉnh, Quận Bắc Từ Liêm, Thành phố Hà Nội, 04, Việt Nam",21.068,105.78
"Phố Minh Tảo, Khu Ngoại giao đoàn, Phường Xuân Tảo, Quận Bắc Từ Liêm, Thành phố Hà Nội, 143315, Việt Nam",21.065,105.801
"Phố Quảng Bá, Nhật Tân, Phường Nhật Tân, Quận Tây Hồ, Thành phố Hà Nội, 11200, Việt Nam",21.072,105.82
"Phố Đặng Vũ Hỷ, Phường Thượng Thanh, Quận Long Biên, Thành phố Hà Nội, Việt Nam",21.074,105.897
"Phố Đỗ Nhuận, Phường Xuân Tảo, Quận Bắc Từ Liêm, Thành phố Hà Nội, 04, Việt Nam",21.068,105.786
"Qua cổng Khu công nghiệp Ninh Hiệp 70m, Ninh Hiệp, Trung Quán, Huyện Gia Lâm, Thành phố Hà Nội, 16300, Việt Nam",21.069,105.95
"Qua ngõ 608 Ngọc Thụy, Phố Ngọc Thụy, Phường Ngọc Thụy, Quận Long Biên, Thành phố Hà Nội, 115005, Việt Nam",21.067,105.872
"Quận uỷ - HĐND - UBND quận Bắc Từ Liêm, Phố Phúc Lý, Phường Minh Khai, Quận Bắc Từ Liêm, Thành phố Hà Nội, 04, Việt Nam",21.065,105.747
"Quận uỷ - HĐND - UBND quận Tây Hồ, 657, Đường Lạc Long Quân, Phường Xuân La, Quận Cầu Giấy, Quận Tây Hồ, Thành phố Hà Nội, 124224, Việt Nam",21.069,105.811
"Sasha Valerka, Ngõ 579 Đường Lạc Long Quân, Phường Xuân La, Quận Tây Hồ, Thành phố Hà Nội, 124224, Việt Nam",21.066,105.81
"Showroom ô tô Trung Sơn, Đường Phạm Văn Đồng, Phường Xuân Đỉnh, Quận Bắc Từ Liêm, Thành phố Hà Nội, 04, Việt Nam",21.072,105.785
"Somerset Westpoint, 2, Đường Xuân Diệu, Quảng An, Phường Quảng An, Quận Tây Hồ, Thành phố Hà Nội, 124415, Việt Nam",21.067,105.826
"Sushi holic, Phố Vệ Hồ, Phường Xuân La, Phường Bưởi, Quận Tây Hồ, Thành phố Hà Nội, 124224, Việt Nam",21.065,105.811
"Sân bóng Xuân Đỉnh, Ngõ 147 Xuân Đỉnh, Phường Xuân Đỉnh, Quận Bắc Từ Liêm, Thành phố Hà Nội, 143315, Việt Nam",21.071,105.798
"Thôn Hạ, Huyện Gia Lâm, Thành phố Hà Nội, 126227, Việt Nam",21.065,105.938
"Trade Union, Đường Tô Ngọc Vân, Quảng An, Phường Quảng An, Quận Tây Hồ, Thành phố Hà Nội, 11200, Việt Nam",21.067,105.821
"Triple 8 Motorbikes, Đường Âu Cơ, Nhật Tân, Phường Nhật Tân, Quận Tây Hồ, Thành phố Hà Nội, 124415, Việt Nam",21.074,105.824
"Trà đá Nước mia đá, Ngõ 347 Cổ Nhuế, Phường Cổ Nhuế 2, Quận Bắc Từ Liêm, Thành phố Hà Nội, 04, Việt Nam",21.066,105.779
"Trước 20m Trạm bơm phố Cấm, Đường tỉnh 419, Phú Kim, Huyện Thạch Thất, Thành phố Hà Nội, Việt Nam",21.073,105.573
"Trước KĐT Lideco 25m, Đường tỉnh 422, Giang Xá, Trạm Trôi, Huyện Hoài Đức, Thành phố Hà Nội, 24, Việt Nam",21.073,105.709
"Trường Mầm non Hoa Sen, Ngõ 78 Đường 422, Giang Xá, Trạm Trôi, Huyện Hoài Đức, Thành phố Hà Nội, 24, Việt Nam",21.068,105.707
"Trường Mầm non Thôn Thượng, Đường Dương Hà, Công Đình, Thôn Thượng, Huyện Gia Lâm, Thành phố Hà Nội, 0947733060, Việt Nam",21.074,105.93
"Trường Song Ngữ Quốc Tế Hanoi Academy, Main Street, Khu đô thị Nam Thăng Long, Phường Phú Thượng, Quận Tây Hồ, Thành phố Hà Nội, 124224, Việt Nam",21.074,105.803
"Trường THCS Cổ Đông, Sơn Đông, Thị xã Sơn Tây, Thành phố Hà Nội, Việt Nam",21.066,105.513
"Trường THCS Dương Hà, Đê Đuống, Thái Bình, Thị trấn Yên Viên, Huyện Gia Lâm, Thành phố Hà Nội, 0947733060, Việt Nam",21.074,105.926
"Trường THCS Hiệp Thuận, Đường tỉnh 421B, Hiệp Thuận, Phúc Thọ, Thành phố Hà Nội, 01234, Việt Nam",21.073,105.634
"Trường THCS Lại Thượng, Đại Đồng, Huyện Thạch Thất, Thành phố Hà Nội, Việt Nam",21.071,105.558
"Trường THCS Ngô Gia Tự, 422/14/20, Quận Long Biên, Thành phố Hà Nội, 0947733060, Việt Nam",21.069,105.906
"Trường THCS Nhật Tân, 474, Đường Lạc Long Quân, Tây Hồ, Phường Phú Thượng, Quận Tây Hồ, Thành phố Hà Nội, 124224, Việt Nam",21.074,105.813
"Trường THCS Nhật Tân, Đường Lạc Long Quân, Tây Hồ, Phường Nhật Tân, Quận Tây Hồ, Thành phố Hà Nội, 124224, Việt Nam",21.073,105.813
"Trường THCS Tây Tựu, Ngõ 192 Đường Tây Tựu, Phường Tây Tựu, Quận Bắc Từ Liêm, Thành phố Hà Nội, 24, Việt Nam",21.071,105.728
"Trường THCS Xuân La, Đường Xuân La, Phường Xuân La, Quận Tây Hồ, Thành phố Hà Nội, 124224, Việt Nam",21.065,105.807
"Trường THCS Đô Thị Việt Hưng, Phố Bùi Thiện Ngộ, Giang Biên, Phường Giang Biên, Quận Long Biên, Thành phố Hà Nội, 0947733060, Việt Nam",21.067,105.909
"Trường Tiểu học Ngô Gia Tự, Ngách 466/73 Ngô Gia Tự, Quận Long Biên, Thành phố Hà Nội, 0947733060, Việt Nam",21.07,105.906
"Trường Tiểu học Thanh Am, Ngõ 194 Phố Thanh Am, Phường Thượng Thanh, Quận Long Biên, Thành phố Hà Nội, 0947733060, Việt Nam",21.069,105.897
"Trường Tiểu học Thị trấn Trạm Trôi, Đường tỉnh 422, Giang Xá, Trạm Trôi, Huyện Hoài Đức, Thành phố Hà Nội, 24, Việt Nam",21.069,105.706
"Trường Tiểu học Xuân La, Đường Xuân La, Phường Xuân La, Phường Xuân Tảo, Quận Tây Hồ, Thành phố Hà Nội, 143315, Việt Nam",21.066,105.806
"Trường Tiểu học Đức Giang, Ngõ 36, Đức Giang, Quận Long Biên, Thành phố Hà Nội, 0947733060, Việt Nam",21.069,105.89
"Tòa nhà CT15 Khu đô thị Việt Hưng, Phố Bùi Thiện Ngộ, Giang Biên, Phường Giang Biên, Quận Long Biên, Thành phố Hà Nội, 0947733060, Việt Nam",21.065,105.91
"Tòa nhà G3, Ciputra, Đường Võ Chí Công, Phường Xuân La, Quận Tây Hồ, Thành phố Hà Nội, 124224, Việt Nam",21.071,105.809
"Tòa án Nhân dân huyện Hoài Đức, Ngõ 37 Tuyến Số 1, Giang Xá, Trạm Trôi, Huyện Hoài Đức, Thành phố Hà Nội, 24, Việt Nam",21.065,105.707
"UBND thị trấn Trạm Trôi, Đường tỉnh 422, Giang Xá, Trạm Trôi, Huyện Hoài Đức, Thành phố Hà Nội, 24, Việt Nam",21.069,105.708
"VHC Tower Hà Nội, 399, Đường Phạm Văn Đồng, Phường Xuân Đỉnh, Phường Xuân Tảo, Quận Bắc Từ Liêm, Thành phố Hà Nội, 04, Việt Nam",21.069,105.786
"Veggie Castle, 2, Ngõ 275 Âu Cơ, Nhật Tân, Phường Nhật Tân, Quận Tây Hồ, Thành phố Hà Nội, 124415, Việt Nam",21.071,105.825
"VinMart+, 1/24, Phố Đỗ Nhuận, Phường Xuân Đỉnh, Phường Xuân Tảo, Quận Bắc Từ Liêm, Thành phố Hà Nội, 04, Việt Nam",21.067,105.788
"VinMart+, 528/528, Ngô Gia Tự, Phường Việt Hưng, Quận Long Biên, Thành phố Hà Nội, 0947733060, Việt Nam",21.067,105.9
"Viện kiểm sát Nhân dân huyện Hoài Đức, Đường tỉnh 422, Giang Xá, Trạm Trôi, Huyện Hoài Đức, Thành phố Hà Nội, 24, Việt Nam",21.068,105.708
"Văn Phòng Thanh Tra Huyện Hoài Đức, Ngõ 125 Đường 422, Giang Xá, Trạm Trôi, Huyện Hoài Đức, Thành phố Hà Nội, 24, Việt Nam",21.065,105.708
"Vạn Hạnh, Quận Long Biên, Thành phố Hà Nội, 0947733060, Việt Nam",21.067,105.907
"Xuân Tảo, Phường Xuân Tảo, Quận Bắc Từ Liêm, Thành phố Hà Nội, 04, Việt Nam",21.065,105.79
"Xã Trung Mầu, Huyện Gia Lâm, Thành phố Hà Nội, Huyện Tiên Du, Tỉnh Bắc Ninh, 220000, Việt Nam",21.074,106.0
"Xóm 19, Đường Cổ Nhuế, Phường Cổ Nhuế 2, Quận Bắc Từ Liêm, Thành phố Hà Nội, 04, Việt Nam",21.067,105.779
"Zenith yoga, Ngõ 111 Xuân Diệu, Phường Quảng An, Quận Tây Hồ, Thành phố Hà Nội, 124415, Việt Nam",21.07,105.825
"Zin Cafe, 81, Phố Tứ Liên, Từ Liên, Phường Tứ Liên, Quận Tây Hồ, Thành phố Hà Nội, 124415, Việt Nam",21.065,105.835
"ridebikes.cc, 153, Phố Nhật Chiêu, Nhật Tân, Phường Nhật Tân, Quận Tây Hồ, Thành phố Hà Nội, 10000, Việt Nam",21.073,105.815
"san bong 11, Ngõ 457 Đường Xuân Đỉnh, Phường Xuân Đỉnh, Quận Bắc Từ Liêm, Thành phố Hà Nội, 04, Việt Nam",21.074,105.788
"số 2B và số 1, 422/14/4, Quận Long Biên, Thành phố Hà Nội, 0947733060, Việt Nam",21.07,105.904
"ĐT.406, Huyện Đông Anh, Thành phố Hà Nội, 115005, Việt Nam",21.074,105.877
"Điếm canh đê số 15, thôn Lại Đà, Đê Phương Trạch, Huyện Đông Anh, Thành phố Hà Nội, 115005, Việt Nam",21.072,105.871
"Đình làng Quảng Bá, Ngõ 67 Tô Ngọc Vân, Quảng An, Phường Quảng An, Quận Tây Hồ, Thành phố Hà Nội, 124415, Việt Nam",21.067,105.823
"Đình thôn Trung, Đường Dương Hà, Công Đình, Thôn Thượng, Huyện Gia Lâm, Thành phố Hà Nội, 0947733060, Việt Nam",21.071,105.929
"Đường 2 Đồng Tháp, Huyện Đan Phượng, Thành phố Hà Nội, Việt Nam",21.073,105.651
"Đường Bờ tây sông Nhuệ, Phường Cổ Nhuế 2, Quận Bắc Từ Liêm, Thành phố Hà Nội, 04, Việt Nam",21.074,105.771
"Đường Lý Sơn, Phường Thượng Thanh, Quận Long Biên, Thành phố Hà Nội, 0947733060, Việt Nam",21.066,105.881
"Đường Lạc Long Quân, Phường Xuân La, Phường Bưởi, Quận Tây Hồ, Thành phố Hà Nội, 124224, Việt Nam",21.067,105.811
"Đường Phù Đổng, Trung Mầu, Xã Trung Mầu, Huyện Gia Lâm, Thành phố Hà Nội, 126227, Việt Nam",21.065,105.961
"Đường Phạm Văn Nghị, Phường Cổ Nhuế 2, Quận Bắc Từ Liêm, Thành phố Hà Nội, 04, Việt Nam",21.066,105.76
"Đường Trung Tựu, Phường Tây Tựu, Quận Bắc Từ Liêm, Thành phố Hà Nội, 04, Việt Nam",21.069,105.74
"Đường Tây Hồ, Quảng An, Phường Quảng An, Quận Tây Hồ, Thành phố Hà Nội, 124415, Việt Nam",21.065,105.822
"Đường Vạn Xuân, Xã Đức Giang, Huyện Hoài Đức, Thành phố Hà Nội, 24, Việt Nam",21.072,105.702
"Đường Xuân Tảo, Khu Ngoại giao đoàn, Phường Xuân Tảo, Quận Bắc Từ Liêm, Thành phố Hà Nội, 143315, Việt Nam",21.065,105.797
"Đường cao tốc Vành đai 3, Phường Cổ Nhuế 1, Phường Xuân Tảo, Quận Bắc Từ Liêm, Thành phố Hà Nội, 04, Việt Nam",21.067,105.785
"Đường vào bãi đá sông Hồng, Phường Nhật Tân, Quận Tây Hồ, Thành phố Hà Nội, 124415, Việt Nam",21.074,105.83
"Đường Âu Cơ, Quảng An, Phường Quảng An, Quận Tây Hồ, Thành phố Hà Nội, 124415, Việt Nam",21.065,105.829
"Đường Đức Thắng, Phường Đức Thắng, Quận Bắc Từ Liêm, Thành phố Hà Nội, 04, Việt Nam",21.072,105.777
"Đại học Mỏ - Địa chất, 18, Phố Viên, Phường Đức Thắng, Quận Bắc Từ Liêm, Thành phố Hà Nội, 04, Việt Nam",21.072,105.774
"Đại sứ quán Ai Cập, 63, Đường Tô Ngọc Vân, Quảng An, Phường Quảng An, Quận Tây Hồ, Thành phố Hà Nội, 124415, Việt Nam",21.068,105.823
"Đại sứ quán Băng-la-đét, 05-D6B, Ngõ 675 Lạc Long Quân, Phường Xuân La, Quận Tây Hồ, Thành phố Hà Nội, 124224, Việt Nam",21.071,105.811
"Đại sứ quán Hàn Quốc, Phố Nguyễn Xuân Khoát, Phường Xuân Đỉnh, Quận Bắc Từ Liêm, Thành phố Hà Nội, 143315, Việt Nam",21.067,105.797
"Đặng Vũ Hỷ, Đức Giang, Quận Long Biên, Thành phố Hà Nội, 0947733060, Việt Nam",21.07,105.902
"Đối diện 59 Đức Giang - TCT Đức Giang, Phố Đức Giang, Đức Giang, Quận Long Biên, Thành phố Hà Nội, 0947733060, Việt Nam",21.067,105.891
"Đối diện Phòng Cảnh sát Phòng cháy chữa cháy, Đường Võ Chí Công, Phường Xuân La, Phường Phú Thượng, Quận Tây Hồ, Thành phố Hà Nội, 124224, Việt Nam",21.072,105.81
"Đối diện công ty chế tạo máy biến áp Hà Nội, Phố Đức Giang, Đức Giang, Quận Long Biên, Thành phố Hà Nội, 0947733060, Việt Nam",21.067,105.885
"Đối diện điếm canh đê số 14, Đê Phương Trạch, Huyện Đông Anh, Thành phố Hà Nội, 115005, Việt Nam",21.07,105.861
"Đối diện điếm canh đê số 15, thôn Lại Đà, Đê Phương Trạch, Huyện Đông Anh, Thành phố Hà Nội, 115005, Việt Nam",21.072,105.87
"Русская кухня, шашлыки и разливное пиво, Phố Quảng Bá, Quảng An, Phường Nhật Tân, Quận Tây Hồ, Thành phố Hà Nội, 11200, Việt Nam",21.071,105.822
"人民公安政治学院, 29, Đường Lê Văn Hiến, Phường Đức Thắng, Quận Bắc Từ Liêm, Thành phố Hà Nội, 04, Việt Nam",21.074,105.775
"公主庙, Đường Cổ Nhuế, Phường Cổ Nhuế 2, Quận Bắc Từ Liêm, Thành phố Hà Nội, 04, Việt Nam",21.069,105.779
"自然资源与环境大学, Đường Lê Văn Hiến, Phường Đức Thắng, Quận Bắc Từ Liêm, Thành phố Hà Nội, 04, Việt Nam",21.074,105.777
"英灵寺, Ngõ 396 Cổ Nhuế, Phường Cổ Nhuế 2, Quận Bắc Từ Liêm, Thành phố Hà Nội, 04, Việt Nam",21.07,105.78
"７８９現場, , Phường Xuân Đỉnh, Quận Bắc Từ Liêm, Thành phố Hà Nội, 143315, Việt Nam",21.068,105.798
